-- phpMyAdmin SQL Dump
-- version 4.9.0.1
-- https://www.phpmyadmin.net/
--
-- Host: 127.0.0.1
-- Generation Time: Aug 18, 2019 at 02:49 PM
-- Server version: 10.3.16-MariaDB
-- PHP Version: 7.3.7

SET SQL_MODE = "NO_AUTO_VALUE_ON_ZERO";
SET AUTOCOMMIT = 0;
START TRANSACTION;
SET time_zone = "+00:00";


/*!40101 SET @OLD_CHARACTER_SET_CLIENT=@@CHARACTER_SET_CLIENT */;
/*!40101 SET @OLD_CHARACTER_SET_RESULTS=@@CHARACTER_SET_RESULTS */;
/*!40101 SET @OLD_COLLATION_CONNECTION=@@COLLATION_CONNECTION */;
/*!40101 SET NAMES utf8mb4 */;

--
-- Database: `studentcouncil`
--

-- --------------------------------------------------------

--
-- Table structure for table `admin`
--

CREATE TABLE `admin` (
  `login` varchar(20) NOT NULL,
  `password` varchar(255) NOT NULL
) ENGINE=InnoDB DEFAULT CHARSET=latin1;

--
-- Dumping data for table `admin`
--

INSERT INTO `admin` (`login`, `password`) VALUES
('admin', '$2y$10$fa3k.zUirGNcFux0SfjTkeTTMwKCDGfVvjQcwvHPi/hASYa0bxcXm'),
('teacher', '$2y$10$YkZxY74a.Kh6g1j7EzLlTegXTw9Wj4ySoVV6lGy8r64SlmeN2D.gi');

-- --------------------------------------------------------

--
-- Table structure for table `branchdata`
--

CREATE TABLE `branchdata` (
  `branchID` int(11) NOT NULL,
  `branchName` varchar(255) NOT NULL,
  `branchYear` int(11) NOT NULL,
  `branchStrength` varchar(255) NOT NULL,
  `branchRegistration` int(11) NOT NULL,
  `branchCriteria` int(11) NOT NULL
) ENGINE=InnoDB DEFAULT CHARSET=latin1;

--
-- Dumping data for table `branchdata`
--

INSERT INTO `branchdata` (`branchID`, `branchName`, `branchYear`, `branchStrength`, `branchRegistration`, `branchCriteria`) VALUES
(1, 'Computers', 1, '65', 0, 0),
(2, 'IT', 2, '60', 0, 0),
(3, 'EXTC', 3, '60', 0, 0),
(4, 'Mech', 4, '65', 0, 0);

-- --------------------------------------------------------

--
-- Table structure for table `eventlist`
--

CREATE TABLE `eventlist` (
  `SrNo` int(11) NOT NULL,
  `eventName` varchar(255) NOT NULL,
  `eventDate` varchar(255) NOT NULL,
  `eventTime` varchar(255) NOT NULL,
  `eventDescription` varchar(255) NOT NULL,
  `eventCapacity` int(11) NOT NULL,
  `eventImage` longblob NOT NULL,
  `eventType` varchar(255) NOT NULL
) ENGINE=InnoDB DEFAULT CHARSET=latin1;

--
-- Dumping data for table `eventlist`
--

INSERT INTO `eventlist` (`SrNo`, `eventName`, `eventDate`, `eventTime`, `eventDescription`, `eventCapacity`, `eventImage`, `eventType`) VALUES
(27, 'Karate', '20/09/2019', '10:00:00', 'Fight', 16, '', 'Sports'),
(28, 'Dance', '20/09/2019', '8:00:00', 'dance', 20, 0xffd8ffe000104a46494600010100000100010000fffe003b43524541544f523a2067642d6a7065672076312e3020287573696e6720494a47204a50454720763830292c207175616c697479203d2035300affdb004300100b0c0e0c0a100e0d0e1211101318281a181616183123251d283a333d3c3933383740485c4e404457453738506d51575f626768673e4d71797064785c656763ffdb0043011112121815182f1a1a2f634238426363636363636363636363636363636363636363636363636363636363636363636363636363636363636363636363636363ffc000110800fa00fa03012200021101031101ffc4001f0000010501010101010100000000000000000102030405060708090a0bffc400b5100002010303020403050504040000017d01020300041105122131410613516107227114328191a1082342b1c11552d1f02433627282090a161718191a25262728292a3435363738393a434445464748494a535455565758595a636465666768696a737475767778797a838485868788898a92939495969798999aa2a3a4a5a6a7a8a9aab2b3b4b5b6b7b8b9bac2c3c4c5c6c7c8c9cad2d3d4d5d6d7d8d9dae1e2e3e4e5e6e7e8e9eaf1f2f3f4f5f6f7f8f9faffc4001f0100030101010101010101010000000000000102030405060708090a0bffc400b51100020102040403040705040400010277000102031104052131061241510761711322328108144291a1b1c109233352f0156272d10a162434e125f11718191a262728292a35363738393a434445464748494a535455565758595a636465666768696a737475767778797a82838485868788898a92939495969798999aa2a3a4a5a6a7a8a9aab2b3b4b5b6b7b8b9bac2c3c4c5c6c7c8c9cad2d3d4d5d6d7d8d9dae2e3e4e5e6e7e8e9eaf2f3f4f5f6f7f8f9faffda000c03010002110311003f00efe8a28a0028a28a0028a28a0028a28a0028a282428c92001dcd0014521600649acdb8d72d61b78e556571246d228de065540247d79e9401a7d28ae595b50d7f4a8a532622998c89e4c7b5a365276860c70ea7df1dab7f4cfb67f67c3fda2231758fde797f77aff862802d51451400514514005145140051451400514514005145140051451400514514005145140051451400515467d523495a1b78a4b9994e0ac6bc03ee7a0a8644bf9a3692eae16ce10092b172d8f763d3f0a572941f5341ae2149921691448f9dab9e4d4958fa0d8a4624bdd8434c7e4dc724276c9f53d69fa95edd25d182d0aa9487cde50b1739c05028be9729c3dee545cb8bc586648155a49dc65517d3d49ec298fa82c72f926277940cb2c786207d339fd2aa3cc6d7588259c05fb54423233f75c1ce3e9cd11fda34fbab93f637b859a42eb246467e873e94ae3e5468daddc3771978589da76b023054fa1159fac4134d7f6182c6dc97460a33b1cafc8e7e983f8915634db7991a7b8b85092dc30628a721401803eb57aa919c924f439e4d1ef2e2016f2f976c8a396077e5b8f993a6d236e4139e49c8ab4be1cb079bcebc8d6ee4c6374b1af3cf5200009e3ad6bd14084555450aa02a818000e052d14500145148f224685dd9554752c7005002d1508b8327fa98d987f79be55ffebfe152a8603e6209f6181400b451450014514500145159f7f7ee8ff65b24f32e9875c7cb103fc4c7fa753fad0053f106ac60b7b986d6e0412c51ef967232221d87bb1ec3f1f4cebda976b589a4219ca02c40c0271cd72369a7a6b7aa9b7cb3e976326e95dbadd4fdc93df1fe78aece800a28a2800a28a2800a28a2800a28a2800acbd41bedb74b60a71128125c367a2f65fc7f95694acc913b229760090a3b9f4ac3b0d26e2746935172ab23ef6854fde3fed1f4f6a4fb1a42cb56cb4d7b35db1874c51b1786b861f22ffba3b9fd2a53a4dbc912adc6f964073e69621b3f51d3e94e17b12cbf64b34123a704270b18f73dbe957467033d68136d6da152db4db5b562f1c7973d5dc963f99ab74c9268e21991c28f7a48a786704c32a4807f7581a64bbbd592531e548dd119b0d212147a9c67f9034facaf1217874c179102cf692a4e00ee01f9bff1d2d408b9777d1da450cb2e55249163c9e3696e067f1c0fc6b1478aa38efaf23b808b1c323451c48774d2382070bdc1e7fc6966d3975d8e499ae248ed1dd648a453f7d3825483db72ee07fdafad4d36b1606f1869b69fda37a382d020c2ff00bd21e07e7401a962677b7125d28495fe631839d9e8bfe3ef9a6dd6a56b6ae22925dd31e91202ee7fe0239aa2b65aa5ff003a85d8b588ff00cb0b4383f8c879fcb15a167636b63194b58123079240e58fa93d4fe34010ac97f75cac6b6719ef261e43f80e07e67e9534565123891cb4d28fe394e48fa761f8015628a0028a28a0028a28a0028a2b0f50f14d8585ff00d964dee178965419588f607dff0095016b9a77d746de25112879e43b6353d09f53ec0726b235376d3f4d68a3621e5c996e0f047f79bebe9e9f80156e22773ea17a56325708a4f1127a67d49ebf80ed59c1d75fd484317cd696ec0cadd8e39dbf527afb0f7a86eeec8b4adab35b40b55b3d0eca154d8442a58631f311939f7cd6851455901451450014514500145145001451450032696386269257088a32493d2b1deea6d46e2287325b5a4c1b6b747971fc856c4b0c73002545700e40619c1aa7ac44df655b888665b6612a8f503a8fcb3499706ae5ab7b786d6111c118441d85579eff00c8459d86eb6276b10398ce71cfb67f2a8a4bf104d15c3313673a0f9fb237627d8ff4aa5147737ad7f1d9490fd8e6908dce09ea06e2beb4afd8a50beb22ddc4eafac470cd3f950a47e628ddb448d9f5ef8f4a8cb4173ad40d62033479f3e54fbb8c7009ee735a26ce07b78e29a249563000dea0d5093538a27367a4db0ba9d4e0ac5858e33fed3741f4193ed4ec2e64b6355dd510bbb055032493802b1a4d75aedda1d16d4deb0383313b615ff8177fa0cd397457bd712eb53fda883916e836c2bf87f17d4fe55ae88b1a04450aa06000300533331574196f487d6af1ae476b68b31c2bf80e5bf135b104115bc4b1411a451af4545000fc29f4500145145001451450014514500145154f54d4a1d32d4cd2fccc78441d5cfa50095ca7e25d53ec16262824db7730c460761ddbd87bfad70b198d83425369c7ccadce73df3deac5d5d4b737325cdc92d2c9e838c7380bec391f9d5492396678c428d25c96fdda20c927d3e98ea6b37791db04a946ef734f4b7175736da66ad7321b053fb85076866ecaedd703b577f04315bc4b1411ac71a8c2aa8c015c6689a0dc5fceb3dec4f6f6b1b03e5b8c3c8c0fe833f9d76d551bdb539aaf2f37bbb0514515466145145001451450014514500145145001411918345140156ced05ac2f01c343b89407b29e71f9e68b8bcb7b20b1805a461f24312e59be83b0f73c50f24b72765b37971f79b193ff00011fd4f1f5a92dad21b60de52fccdcb3b1cb31f7279340dbb949aceef51e6fa4305b9ff97685b96ff7dffa0c7d4d5f8208ada158a08d228d780a830054945020aa9717c11cc702f9b20ebce157ea7fa526a133605bc6c55e407730eaabfe27a0fc7d2aa08d638c08d47ca3e5149b34842fab0324f329796e9953d231b07e7d7f5a8c470bf49667f7f3dcff005a95635088b8c84000cd3ea6e6ca2974211032730dcdc467d7cd2ffa364558b5bf91664b7bc0a19ce23954615cfa11d8ff003fd298481d4814c9e149e268e4076b7a1c11e847a1a7726504f635e8acfd2ef5e42f697447da6219cf4f317b30febe87f0ad0aa39de81451d2b9ed53c530c05a1d3d45cca382e7fd5a9faf7fa0fcc50dd86a2e4ec8d9bebe82c2032cef81d87763e8057132c971adea60c8db4b74f4893bff009ee6a95d5ccd348d3dcc8f3ccdc0cfe800ec3dabb2d274b8ec6cc065067700cac79e7d07b0ac9bbfa1d2a2a92fef7e4601d2daeef5c6dd8db76c3067e6541c2973fc23b9ee79c5749a1e976b6106e8992698fcb24c30727d3d87b5516b24171281144589cb36d0f239fef37cad8fa63ffadb1a6c2d6f68236509c92140e83df93cf7ad11cedb2d514514c90a28a2800a28a2800a28a2800a28a2800a28a2800a6ba0906d6fbbdc7ad3a8a0000c74a28a2800a28a82f9996c6e190e1844c41f438a00a08de73bce7fe5a1f97fdd1d3fc7f1a4794292002ec06485ec3d493c01f5a491c20d8bc600ce0741d80f73dbff00ad489103f7c0c0391183900fa9f53ee7f0a83a76d1117992c9d1ce3d214dc7fefb6c2fe8699247744e639ee97d9844dfa607f3abd4d6243afa1c8ff3f9501cbe672be22bad5cdba5b25b9745911e49e2423033c0239c723a824715d523ac88ae8c195864303904551bab6f37528b73928c0131763b32727d79603f1fa55c861584304ce198b63d09eb404534ddc8eeed8cdb248a4f2ae22398a403383e847707b8a7c7e21b68418f52ff0044b85192a416561eaa40e47eb50497ab0db44cc0bcae80851c678e727b0ae6750b879af6492665380a01031c6338fcc9a2f641c919cad72debbe288ef545b45711c76ee32db58ee6ff0064fa7bfae71eb9c9f306008806e380380052af993384850e4f0091927e82a08444d7820b7981ba9091876fbc40e87b03daa1fbc6f14a92b5cd8f0cd9adf6a7e74cca3ecdf379448dc5bb1c7a0eb9f5c7a5753a8dd4912082d407ba97e58d7b0f73ec2bcaa7d56f1ae97ece1a09236f9767df07eb5ea5e1a85a4d3a2bfb96f32ee741bd8ff0ff00b23d3fcfb55f2dce59c95db5a90e8fe185d2ae45ca6a57b23b12d2a338f2e463d4918adea28ab310a28a2800a28a2800a28a2800a28a2800a28a2800a28a2800a28a2800a28a2800aa7a9de5a5b5a4a2e6e62841423e77033c55cac1d6bc23a5eb3706e2659229cfde789802df50411400cd2ee9751b54ba55211998ae7bf2403ff7c81f99ab3c9b8700ff000a9fd4d55d3a0feceb77b638582d86d0c4f3804f27f0c1ab607efb70e8cb8cfd0fff005cd433a63b0e91d628da47215546493d852f079eb5957736eb6d4ece560aeb1bba31eea4673f81c8fca9f0df456b62b2b64dbb47e6c0deab8cedc9e32bfc87d681f36a472df137cb35b8f3a358b951d7ef1dd8f71b4568dadd4377179903865e87b107d08ec6b928f5016da9c977a5a0904aa43194109d7208ee782411d38eb556405e796e66936bc830fe5931ae3d300f23eb9a4dd8a84652d6c4fae5c40d33c1188de58db292a8cbc7f313c11cf61c74e6a0baba9ae6533ca891e06033e0051ec07d7d734c4236e204089fdedb8cfd053259121392af23e3b0c9a2cd82e583bad5976d483632b457a90ddc99457994a88d7b91c753589fd8a6dee46dbe8e42b82af0f3f37a03eb5d0e8ba6c9aa079256f2228db690b82c4e338cf41d47af5aeaf48b3b4b09764712877e92b72c7d466a95918cd3bf33392834ad42e6f259469ee8f39df929b067bf5e9f8d76ba1d9cd61a5c56f7054c8a589da7206589c67f1ad0a29a567722536e2a3d10514514c80a28a2800a28a2800a28a2800a28a2800a28a2800a28a2800a28a2800a28a2800a28a28032af2351752c2dd2e10b7d780adfd3f3ae534dd5aeacf4af2095964b6768497edb72307f4c7e5c75aea3c4d771585a5bddca4e229c0c01927208207e79fc2bcfd6d9ee2eae6e272c91dc4a65f233c7272375449d8de9a73d116b50bb9afe6536f39946d6569b6edc67b0c7de1d78c773cd3a5692703ed126f4525963036c6a7d97a546f2a4784032d8e117fcf14cd8d21ccd8c7641d3f1f5a9d6474f2c29f9b17ce67ff52b91fdf6e9f87ad208b243484bb0e99e83e829ecca8a5988551d49a92d2cae3526411868a16fe2e8cff41dbea6aaca26529b96e32d95ef6efec96bb1e6c6e3b9b0147a9acad1af253ae88ee4e3cf0d6ec0ff000eee3f9e2a6bb8e4d22eacf58b35c40f2baa63a10876fea3fad3757b076f10493599c472a7db237f62377f3e3f2aa39e4ee741e0abad8d2db4a70d212c33fde1f787ebfa5756e18ae53ef8e57ea3a57016b21fb44f3db9dae27f3a3f6dc0363f522bb8d3af63d42ca3b98810af9c83d4107047e750745bdd5e66d44e2489245e8c0114eaada7b66dca778d8afe1d47e84559ad0e56acc28a28a0414514500145145001451450014514500145145001451450014514500145145001599adea3f60801dac4104b15ea0640e3f161fad69d72baeb49278896d2473e55c5a98d07604eec9fae557f4a4ca8abb306feedae66f3ee6462a9f715dcb04fa67bfbd542f24bf7418d3d4fde3f876a48d4be2597973d0765a96a147ab3adcecad0d10d44541851f5f534d96608c11559e46fba8a324d67dfeaa22263b7c33f76ec3e95b3e0bb14d5629da2be686f54fef15d15c32f623a11f9d59839a5a0fb1d2249a5492f4077cfc902f2aa7dfd4fe95bda844f69691d9db91fda17ede4a11ff2cd7f89bf01fd2ae47a0ddc2a5a0d51925c70de4291f91acc816f34cf12c171ad4a6626de44595002b8dcbfc20023af3d7ad45adab1395f489ada8f876dae34db6b68e3522d576c6ae0104719cf1d78ebfe35837b646df4f78e38c235afeede3eb888e1bd4f4ebd7a66bb58a68e6896589d5e36190ca720d79f7f6a48baa497ebf32cf312467829d147e58fcaaa42a716d942de0f2659987dd91b70e7f3ae93c2ad8b3b9873f727240f6600ff00326b3aeed225437566775a372cbde13e87d07f9e98ab1e1a9426a33c47acb1061ff01241ff00d08542dceb7670d3a1d459bf977650f495723ea3fc47f2ad0ac4595a47955302581c15fc811f9838fceb5ede659e15913a3763d41ee0d688e4a8b5b92514514ccc28a28a0028a28a0028a28a0028a28a0028a28a0028a28a0028a28a0028a28a002b0fc43681aeac2f7785f2242181eea467f4dbfceb72b1756df7b29891585bdb86791c82031c1e07af1907ebed40d68ce65744d4ee1e592ded51a132b8563281c0623a7e1502e877f7310919448bc9f2616ce541c673fc43e9fad777a545b34c8d1c643ee620f7dc49feb4cbb6fb35fdb4bd11ff00767fa0fd73f852b16a6d33ce75d897518915a311dfdb2ecc6dda6441d148ecc3b7afd71591e1dbdbab0d6eda5b3e656709b4f46078c1af4df1569097b6bf6a8e2dd3c232401cb2f7c7b8ea2b8ab2863b79fce586291b25e39b2430c8f6383d7238a57b6e3e473d628f4bd3eec5e5a24c0609ea3deb17c5a364fa64dff4d5e23f465cff003515c85d99552496d93f7a58901588c0cfa8c74a7b35cdd4110bab8b92570c14cec76b63b73ef5126a5168d614271926695d4b359db4cf6b3b42661b19472adbb8ce3d79ea3f5ac89e195fca489d563070e08ea3da9e203bd59a79dc039daf21619fc6a426b2a7194559bb9d5cab56d5ae3925960fde45214703923b8f71d08fad496571243a95bcd142872db0a29da0eee3001e9ce3be3d85508234b54111959b7b12379e4fb539c8b7b476770810e54e7a1ea3fcfb1ad6d6326d4b5b58ec8ca20d4e26914a2ddc7b3e6eceb9201f7209ff00be6aea48f6b299514bc6dfeb1075ff00787bfb77fe74185bebda323c6e556550e8e3ef46c3a1fa835369b2dcc96db6f62d97119d8e47dd7ff697d8d518b49e86dc33473c62489c3a374229f5cbdcea274fbf20a4d09906e496343224981cee51ce47b738ef566d7c556728c3bc6e475314809ffbe5b0df8006aae60e3637e8ae7efbc61a75aa7eed669e53c2c6ab8627e8707f2cd5cd25f51bd1f6cd413ecaa7fd55aa9c951eae7b9f6edf5e8c93528a28a0028a28a0028a28a0028a28a0028a28a0028a28a0028a28a00291d15d0a30ca91823d6968a00000a00030074155753b317d632419dac4651bd1874ab5450054d32e5aeacd4cbc4c9f24abe8c3ad725e23d25f4cb97bb82366b294e5820cf92c7dbfba7f435d7cb6ec931b9b703cc3c3af6907f8fa1ff1a835a982e8b71260ab14c28230771200fd7149ab9709b83ba3818e58e54df1b865f506ab4b16dbafb51b864451f3293f2d74fa8e876da897b9b07582e958a9751f2b91d430febd6b98ba92284c96da818d2453b6440dbbf2c5428a4754aa3969b16519590329041e4107ad3aaad84f6f347e5dab281183f2b139c0ef8e4ff9e7156b904823054904641e47d2a1a674539c5e8995af56258cdc491ef36e370e718e703f5ae72eeee5bb977c878eca3a0aea66860b9b37b6b879630cfbcb4633b88ce38fa1e9c74eb5996fa222cacd2b97407e518c13ee7ad5c5a48e5a8aa54938a5646cf812ee6816482e1c25bc9cc5bbfbdedf5aed1d15d191c02ac3041ee2b8547de5948008e08038fc3dab4acf56bab4c2e7cd8c7f039e9f43da9736ba96a95a2ac4da8c579a7295706f74dc82159b12427b61fdbb13f4cfabacb55d36e404d5e186ea00db05d4b08df19feeca31f29ff6ba1ad4b3d52d6fbf761b6484731c9c13f4ec7f0ac4d6b417825379a73888630eac32a07a11dd3f97d3a5a673ce076167a669f6987b3b3b78891c3471804fe22ae570de11d7dadaf7fb22f018959b6468e72617fee67ba9edf97bd77354621451450014514500145145001451450014514500145145001451450014514500145145001d3ad72b7f727c41a8086da6f2f4bb16f32e6e41c0761c8553edd73ffd6ad9d474a6d49b65c5e4cb6bfc504584dff56eb8f6e2b1aed62be9868ba746b169b6a47da99380e7af963f99340d2bbb21f65203a742224f2c5cbb18d3a6d8c9247fe3bfae2b89f17d94cde24b93140c55c29040e0fca33fad7797b736fa78f3a4f9a42bb6341d71e83d07a9fa7b572f7133dc4cf34a72ec727d07b547358e954b9d58c9d26c66b42eef846618c8392075fe7839f6ad30000001802914e464d2d64db7b9d74e9c60b40a28a291a0c1feb8fa63f5ff002053e9a39da7d4b37e1c2ff346a7536674f67eac0804722b4ac35a9adb11dd6e9e0e9bbabaff00f143f5fad66d142761ca0a5b92eb7a5a5ddb3de69d2069ecd5668d93abc39e9f5420fe18aef348bd1a8e956b783fe5b46188f43dc7e79ae0aca77d3ef96f2150e402af193857538c8faf039f6aeafc2735b7d8a5b6b572628e42f1a9e0aa31ce0fd0ee1f856d1773ceab4dc1ea6ed1451546414514500145145001451450014514500145145001451450014514500145145006578875092ced121b5c1bcba6f2a007b1eec7d80e6b1e5b98342b28ecad809670b9e7d4f566fa9fceaa78aeeeee1f16da35be0ac36a7ef0c852c5813f5e07e5597c92cccc5998e598f527d4d44e563aa853e6d58e92492695a599cc9237563fc87a0f6a8c9dedb4741d689090303a9e052aa855c0acfccebb6bcab6168a28a9340a463b54b633819e280727da993c8d1a064197072a3dc74fd71f9d3b6b622534a2e42c641790020f967cac8ee5460ffe3db8fe34fae7ac6f25b0b831dc2b0463f303d41f5ae81595d4329054f208a7256667426a51b76168a28a9370ab1a5ea1fd8fa88bc2bba071b270072071f30fa6067daabd1d78a69d9dc89c14e3667a5c6e92c6b246c191802ac0e411eb4b5c8f83751314cfa44cd9500c96c4ff0077bafe1d47b575d5ba773ca945c5d98514514c4145145001451450014514500145145001451450014514500150dedd25959cb732676c6a5881d4fb54d5cbf8f357b6b2d21ad58eeb99f05101e801ce4fb71401cecb349713c93cedba590ee63e9ec3d874a6d71fe749e67981d831ee0e2b46cf59963216e3f789ebdc7f8d64e0f73ba1888ed6b1bd8f9b34b51c13c5709be270c3f9549599d4adba0a427b0a09ec280315495b56437ccf950a38a858ef9c0ecbcff41fd7f2a958ed524f619a8d5712499ea18afe5c1fd413f8d386aee6759d928a1b3431ce9b6540c3dea2b68858b08c3130b9e33fc27d3e86acd23a0910ab0e0d68d5d1845f2bba24271453226dca55b965e0fbfbd3b0474acadd0ebe67bad50b51dc4f1dbc46495b0a3f5a26992089a490e1457337b7925e4dbd8e147dd5f414463726ad5505e66ee81ada0f12d9cb70562855c80c7b6548e7f315eb35e015e85e08f16a793fd9faadc2a79607932c8d8c8fee93fcab74ac79b29393bb3bda2911d5d43230652320839069681051451400514514005145140051451400514514005145140105f5dc5616535dced88e252cdfe15e27ab6a336aba8cd79707e790f03b28ec07d2bd57c6d6935e7862e920cee4c48547f105393fa73f8578f50014514aa406048c8cf228027b21706e07d9890fea3a7e35d1a4d246a05c01d3975e9f8fa5767a4e93a25fe8303595b2c70c8b90c3ef86e8727b9cd65ea3e1bbbb425e01f688bfd91f30fc3bfe152e299bd2a9c9d4c8182323041ee28a80c3b18f94c636cf2b8e33ee28f3655fbf16ef743fd0d66e0cec8d58bdf42cc4a1e7891ba348aa7e84815047ca03dcf27f1a437283b4aa7b1f2d8e0fe54248acc76860a4e402a463db9f4ff0aa8686555a724d0fa28a2acc88646f2ae637fe17fddb7d7a8febf9d4f2ca90a179182a8ee6a0ba08d0912384190437a106ae69fa06a1a8bac915bb2af69eeb2a3fe02bd7f41f5a971bb348d6e45633244174ad2ddfc9081f2231c63dcfbd65dee93776b6eb74d6f28b490e23959700ff0087f5af52d2fc296566eb35d137970bc86907caa7d97a7e79adb9a18a785a29a3592371865619045525639673e6773c0e8aed7c55e087b2df79a52b496e39787ab27d3d47eb5c55320dcf0e789ef3429c05632da13f3c2c78fa8f435eb1a66a56baad9a5d59c81e36ebeaa7d08ec6bc2eb5bc39aedc685a809a325a16e258b3c30ff1f4a00f69a2a1b3bb86fad22b9b670f14abb948a9a800a28a2800a28a2800a28a2800a28a2800a28a28011943295619046083debc3b59b13a6ead75667fe594840f71d8fe58af72af29f88aa0789d8800130a13efd680396a28a2803d33e195d09347b9b527e6866dd8f40c38fd41aecebcd3e1813fdb176b93830648ff00810af4ba00a3a869167a88ccf1624ed2270c3f1eff008d60cfe1198126deed1876122e0fe633fcabaca281a935b1c53785b535e9f666fa487ff89a8cf86b56cffa988ffdb515dcd1415cece213c2daab7516a83de527f92d5b83c1d331ff0049bf0a3bac31f3f993fd2baca28173b3334ff0fe9da7b892383cc987fcb594ef61f4cf4fc315a74514121451450015c178d7c201849a9e971e187cd342a3afab01fcc577b41e9401e01456af8a2348bc497e91a2a2894e154600acaa00edfe1ceb8d05d9d2676fdd4d968b27eeb771f8ff003fad7a4578668e4aeb362549044e9c8ff7857b98a0028a28a00fffd9, 'Cultural'),
(29, 'AdMad', '20/09/2019', '10:30:00', 'ad bad', 20, '', 'Cultural');

-- --------------------------------------------------------

--
-- Table structure for table `eventregistrations`
--

CREATE TABLE `eventregistrations` (
  `SrNo` int(11) NOT NULL,
  `studentID` int(11) NOT NULL,
  `eventID` int(11) NOT NULL,
  `studentRoll` varchar(6) NOT NULL
) ENGINE=InnoDB DEFAULT CHARSET=latin1;

--
-- Dumping data for table `eventregistrations`
--

INSERT INTO `eventregistrations` (`SrNo`, `studentID`, `eventID`, `studentRoll`) VALUES
(7, 1, 12, '0'),
(9, 16, 28, '501851'),
(11, 16, 27, '501851'),
(12, 20, 28, '2'),
(13, 20, 28, '2'),
(14, 20, 27, '2'),
(15, 20, 27, '2'),
(16, 20, 27, '2'),
(17, 20, 27, '2'),
(18, 20, 27, '2'),
(19, 22, 29, '501853'),
(20, 22, 29, '501853'),
(21, 22, 29, '501853');

-- --------------------------------------------------------

--
-- Table structure for table `sponsordata`
--

CREATE TABLE `sponsordata` (
  `SrNo` int(11) NOT NULL,
  `sponsorName` varchar(255) NOT NULL,
  `sponsorImage` longblob NOT NULL,
  `sponsorLink` varchar(255) NOT NULL
) ENGINE=InnoDB DEFAULT CHARSET=latin1;

-- --------------------------------------------------------

--
-- Table structure for table `studentcriteria`
--

CREATE TABLE `studentcriteria` (
  `studentID` int(11) NOT NULL,
  `branchID` int(11) NOT NULL,
  `culturalEvent` tinyint(1) NOT NULL DEFAULT 0,
  `sport_technicalEvent` tinyint(1) NOT NULL DEFAULT 0,
  `criteriaStatus` tinyint(1) NOT NULL DEFAULT 0
) ENGINE=InnoDB DEFAULT CHARSET=latin1;

--
-- Dumping data for table `studentcriteria`
--

INSERT INTO `studentcriteria` (`studentID`, `branchID`, `culturalEvent`, `sport_technicalEvent`, `criteriaStatus`) VALUES
(17, 3, 0, 0, 0),
(20, 3, 0, 1, 0),
(420, 4, 1, 1, 1),
(21, 2, 0, 0, 0),
(22, 2, 1, 0, 0);

-- --------------------------------------------------------

--
-- Table structure for table `studentdata`
--

CREATE TABLE `studentdata` (
  `userID` int(11) NOT NULL,
  `studentName` varchar(255) NOT NULL,
  `studentRoll` varchar(6) NOT NULL,
  `studentEmail` varchar(255) NOT NULL,
  `studentYear` varchar(1) NOT NULL,
  `studentBranch` varchar(255) NOT NULL,
  `studentPass` varchar(255) NOT NULL,
  `studentGender` varchar(255) NOT NULL
) ENGINE=InnoDB DEFAULT CHARSET=latin1;

--
-- Dumping data for table `studentdata`
--

INSERT INTO `studentdata` (`userID`, `studentName`, `studentRoll`, `studentEmail`, `studentYear`, `studentBranch`, `studentPass`, `studentGender`) VALUES
(16, 'Ved', '501851', 'vedpatil611@gmail.com', '2', 'IT', '$2y$10$NHHMhjwg3OjHSxdv81dExOY5QfoKDfPHQdsi77jiGU7F6bMjXqhJ2', 'Male'),
(17, 'abc', '123', 'abc@xyz.com', '2', 'EXTC', '$2y$10$kAzUFsPCdm44SCHUBljT0.EwJ89I.0HGPKMARSMbG72luHeNSsZmK', 'Male'),
(20, 'Ved', '2', 'abcd@xyz.com', '4', 'EXTC', '$2y$10$2z09FxT5VEZC78pe5qFQduNg2COTkow9F6745RitUsragJg9at3qW', 'Male'),
(21, 'Atharva', '501420', 'pqr@abc.com', '1', 'IT', '$2y$10$m4HGzIjI3h5CcxozGT873OoTJGu6W6ZiqT4RKVFdED528K3rlngJK', 'Other'),
(22, 'Atharva', '501853', 'atharva3110@gmail.com', '2', 'IT', '$2y$10$skC.99YSi6JAxc8cwnANE.dGzVdIEEFzBgp7xT4QYWR9V6bGfX/yy', 'Male');

--
-- Indexes for dumped tables
--

--
-- Indexes for table `branchdata`
--
ALTER TABLE `branchdata`
  ADD PRIMARY KEY (`branchID`);

--
-- Indexes for table `eventlist`
--
ALTER TABLE `eventlist`
  ADD PRIMARY KEY (`SrNo`),
  ADD UNIQUE KEY `eventName` (`eventName`);

--
-- Indexes for table `eventregistrations`
--
ALTER TABLE `eventregistrations`
  ADD PRIMARY KEY (`SrNo`);

--
-- Indexes for table `sponsordata`
--
ALTER TABLE `sponsordata`
  ADD PRIMARY KEY (`SrNo`);

--
-- Indexes for table `studentdata`
--
ALTER TABLE `studentdata`
  ADD PRIMARY KEY (`userID`),
  ADD UNIQUE KEY `studentRoll` (`studentRoll`),
  ADD UNIQUE KEY `studentEmail` (`studentEmail`);

--
-- AUTO_INCREMENT for dumped tables
--

--
-- AUTO_INCREMENT for table `branchdata`
--
ALTER TABLE `branchdata`
  MODIFY `branchID` int(11) NOT NULL AUTO_INCREMENT, AUTO_INCREMENT=7;

--
-- AUTO_INCREMENT for table `eventlist`
--
ALTER TABLE `eventlist`
  MODIFY `SrNo` int(11) NOT NULL AUTO_INCREMENT, AUTO_INCREMENT=30;

--
-- AUTO_INCREMENT for table `eventregistrations`
--
ALTER TABLE `eventregistrations`
  MODIFY `SrNo` int(11) NOT NULL AUTO_INCREMENT, AUTO_INCREMENT=22;

--
-- AUTO_INCREMENT for table `sponsordata`
--
ALTER TABLE `sponsordata`
  MODIFY `SrNo` int(11) NOT NULL AUTO_INCREMENT, AUTO_INCREMENT=5;

--
-- AUTO_INCREMENT for table `studentdata`
--
ALTER TABLE `studentdata`
  MODIFY `userID` int(11) NOT NULL AUTO_INCREMENT, AUTO_INCREMENT=23;
COMMIT;

/*!40101 SET CHARACTER_SET_CLIENT=@OLD_CHARACTER_SET_CLIENT */;
/*!40101 SET CHARACTER_SET_RESULTS=@OLD_CHARACTER_SET_RESULTS */;
/*!40101 SET COLLATION_CONNECTION=@OLD_COLLATION_CONNECTION */;
